www.calais.fr/spip.php?article145;article;566074e81a6c7e00038b4644
www.calais.fr/spip.php?article2680;article;5660731f1a6c7e2f018b4637
www.calais.fr/spip.php?article2339;article;566070221a6c7ef4028b457e
www.calais.fr/spip.php?article136;article;566075851a6c7e72038b4567
www.calais.fr/spip.php?article1891;article;566075851a6c7e72038b4567
www.calais.fr/spip.php?article277;article;5660704c1a6c7ee6028b458c
www.calais.fr/spip.php?article994;article;566074c31a6c7e67038b4572
www.calais.fr/spip.php?article525;article;566074c31a6c7e67038b4572
www.calais.fr/spip.php?article55;article;566074ba1a6c7efd028b4596
www.calais.fr/spip.php?article3562;article;566073001a6c7e6b038b456b
www.calais.fr/spip.php?article51;article;566075371a6c7e65038b4570
www.calais.fr/spip.php?article1690;article;56654c0d1a6c7ea3008b45ad
www.calais.fr/spip.php?article62;article;566552fa1a6c7e02028b456e
www.calais.fr/spip.php?article198;article;
www.calais.fr/spip.php?article1565;article;566058eb1a6c7e5d028b4582
www.calais.fr/spip.php?article452;article;56606fcf1a6c7ee6028b4589
www.calais.fr/spip.php?article197;article;
www.calais.fr/spip.php?article995;article;566074c31a6c7e67038b4572
www.calais.fr/spip.php?article1040;article;566075401a6c7e0b038b459f
www.calais.fr/spip.php?article1850;article;566071ab1a6c7e0d038b4571
www.calais.fr/spip.php?article3421;article;566075401a6c7e0b038b459f
www.calais.fr/spip.php?article41;article;566070141a6c7e45028b4683
www.calais.fr/spip.php?article53;article;566074ba1a6c7efd028b4596
www.calais.fr/spip.php?article3110;article;566073181a6c7e45028b46a4
www.calais.fr/spip.php?article1641;article;566071841a6c7e0b038b4578
www.calais.fr/spip.php?article1643;article;566071841a6c7e0b038b4578
www.calais.fr/spip.php?article3928;article;566072ee1a6c7e45028b46a1
www.calais.fr/spip.php?article1566;article;566074df1a6c7e0b038b459c
www.calais.fr/spip.php?article63;article;566073261a6c7e67038b456b
www.calais.fr/spip.php?article1178;article;566074c31a6c7e67038b4572
www.calais.fr/spip.php?article448;article;56606fcf1a6c7ee6028b4589
www.calais.fr/spip.php?article1241;article;56606fc51a6c7efc028b457b
www.calais.fr/spip.php?article521;article;566070221a6c7ef4028b457e
www.calais.fr/spip.php?article2195;article;566071ab1a6c7e0d038b4571
www.calais.fr/spip.php?article7932;article;566072e71a6c7e0b038b458c
www.calais.fr/spip.php?article3050;article;566075561a6c7e6b038b4578
www.calais.fr/spip.php?article30;article;566070591a6c7ed7028b4584
www.calais.fr/spip.php?article2572;article;566071bf1a6c7e00038b4626
www.calais.fr/spip.php?article3044;article;5660731f1a6c7e2f018b4637
www.calais.fr/spip.php?article260;article;566071951a6c7ef4028b458f
www.calais.fr/spip.php?article4458;article;56606fc51a6c7efc028b457b
www.calais.fr/spip.php?article3418;article;566075401a6c7e0b038b459f
www.calais.fr/spip.php?article1855;article;566071c91a6c7e11038b4567
www.calais.fr/spip.php?article2275;article;566075851a6c7e72038b4567
www.calais.fr/spip.php?article282;article;566071951a6c7ef4028b458f
www.calais.fr/spip.php?article2198;article;566071841a6c7e0b038b4578
www.calais.fr/spip.php?article2274;article;566075851a6c7e72038b4567
www.calais.fr/spip.php?article31;article;566070431a6c7efc028b457e
www.calais.fr/spip.php?article4782;article;566072ee1a6c7e45028b46a1
www.calais.fr/spip.php?article1202;article;56606fcf1a6c7ee6028b4589
www.calais.fr/spip.php?article1534;article;56606fcf1a6c7ee6028b4589
www.calais.fr/spip.php?article3930;article;566072ee1a6c7e45028b46a1
www.calais.fr/spip.php?article6820;article;566070221a6c7ef4028b457e
www.calais.fr/spip.php?article3497;article;566075061a6c7efd028b4599
www.calais.fr/spip.php?article1057;article;566074ba1a6c7efd028b4596
www.calais.fr/spip.php?article1115;article;56606fcf1a6c7ee6028b4589
www.calais.fr/spip.php?article2960;article;566075061a6c7efd028b4599
www.calais.fr/spip.php?article384;article;566071841a6c7e0b038b4578
www.calais.fr/spip.php?article189;article;5660749a1a6c7e00038b4641
www.calais.fr/spip.php?article2397;article;5660718d1a6c7efd028b457f
www.calais.fr/spip.php?article2999;article;566075951a6c7e2f018b465d
www.calais.fr/spip.php?article1539;article;56606fc51a6c7efc028b457b
www.calais.fr/spip.php?article1852;article;566071b31a6c7ef4028b4592
www.calais.fr/spip.php?article188;article;566074ac1a6c7e6a038b456d
www.calais.fr/spip.php?article2381;article;566075851a6c7e72038b4567
www.calais.fr/spip.php?article1191;article;5660719f1a6c7e61038b4567
www.calais.fr/spip.php?article1945;article;566072101a6c7efd028b4585
www.calais.fr/spip.php?article1114;article;56606fcf1a6c7ee6028b4589
www.calais.fr/spip.php?article1701;article;56654c0d1a6c7ea3008b45ad
www.calais.fr/spip.php?article2815;article;566070221a6c7ef4028b457e
www.calais.fr/spip.php?article6137;article;566073101a6c7e0d038b4588
www.calais.fr/spip.php?article149;article;5660752d1a6c7e6b038b4575
www.calais.fr/spip.php?article2357;article;566075851a6c7e72038b4567
www.calais.fr/spip.php?article1626;article;566075851a6c7e72038b4567
www.calais.fr/spip.php?article148;article;566074fd1a6c7e0d038b458f
www.calais.fr/spip.php?article3423;article;5660755e1a6c7e70038b456b
www.calais.fr/spip.php?article2665;article;
www.calais.fr/spip.php?article3920;article;566072ee1a6c7e45028b46a1
www.calais.fr/spip.php?article1856;article;566075371a6c7e65038b4570
www.calais.fr/spip.php?article3782;article;56606fcf1a6c7ee6028b4589
www.calais.fr/spip.php?article3443;article;566075851a6c7e72038b4567
www.calais.fr/spip.php?article5676;article;566071bf1a6c7e00038b4626
www.calais.fr/spip.php?article2611;article;566071951a6c7ef4028b458f
www.calais.fr/spip.php?article2194;article;566071c91a6c7e11038b4567
www.calais.fr/spip.php?article1946;article;566072e71a6c7e0b038b458c
www.calais.fr/spip.php?article6751;article;5660702c1a6c7edb028b4599
www.calais.fr/spip.php?article2570;article;56606fcf1a6c7ee6028b4589
www.calais.fr/spip.php?article2306;article;566075851a6c7e72038b4567
www.calais.fr/spip.php?article2809;article;566552bd1a6c7eee018b4587
www.calais.fr/spip.php?article3949;article;56606fc51a6c7efc028b457b
www.calais.fr/spip.php?article1222;article;56606fc51a6c7efc028b457b
www.calais.fr/spip.php?article5515;article;566071b31a6c7ef4028b4592
www.calais.fr/spip.php?article1243;article;56606fc51a6c7efc028b457b
www.calais.fr/spip.php?article1221;article;56606fc51a6c7efc028b457b
www.calais.fr/spip.php?article4769;article;5660752d1a6c7e6b038b4575
www.calais.fr/spip.php?article460;article;566070221a6c7ef4028b457e
www.calais.fr/spip.php?article1353;article;56606fcf1a6c7ee6028b4589
www.calais.fr/spip.php?article1242;article;56606fc51a6c7efc028b457b
www.calais.fr/spip.php?article117;article;56606fcf1a6c7ee6028b4589
www.calais.fr/spip.php?article81;article;5660755e1a6c7e70038b456b
www.calais.fr/spip.php?article3759;article;566071951a6c7ef4028b458f
www.calais.fr/spip.php?article5622;article;56606fcf1a6c7ee6028b4589
www.calais.fr/spip.php?article3270;article;566070141a6c7e45028b4683
www.calais.fr/spip.php?article1854;article;566071b31a6c7ef4028b4592
www.calais.fr/spip.php?article1367;article;566553261a6c7ea8008b468b
www.calais.fr/spip.php?article2614;article;566073181a6c7e45028b46a4
www.calais.fr/spip.php?article3444;article;566075851a6c7e72038b4567
www.calais.fr/spip.php?article8508;article;5660702c1a6c7edb028b4599
www.calais.fr/spip.php?article1239;article;56606fc51a6c7efc028b457b
www.calais.fr/spip.php?article9016;event;566070431a6c7efc028b457e
www.calais.fr/spip.php?article5717;article;5660752d1a6c7e6b038b4575
www.calais.fr/spip.php?article335;article;5660719f1a6c7e61038b4567
www.calais.fr/spip.php?article2127;article;566074fd1a6c7e0d038b458f
www.calais.fr/spip.php?article5799;article;56606fcf1a6c7ee6028b4589
www.calais.fr/spip.php?article472;article;
www.calais.fr/spip.php?article2811;article;566074a31a6c7e2f018b4652
www.calais.fr/spip.php?article3787;article;566071951a6c7ef4028b458f
www.calais.fr/spip.php?article2075;article;566075851a6c7e72038b4567
www.calais.fr/spip.php?article2273;article;5660755e1a6c7e70038b456b
www.calais.fr/spip.php?article8792;article;566075061a6c7efd028b4599
www.calais.fr/spip.php?article1676;article;56606fcf1a6c7ee6028b4589
www.calais.fr/spip.php?article6747;article;566074df1a6c7e0b038b459c
www.calais.fr/spip.php?article94;article;566070221a6c7ef4028b457e
www.calais.fr/spip.php?article2787;article;5660755e1a6c7e70038b456b
www.calais.fr/spip.php?article6668;article;566075401a6c7e0b038b459f
www.calais.fr/spip.php?article3785;article;566071951a6c7ef4028b458f
www.calais.fr/spip.php?article2228;article;56606fcf1a6c7ee6028b4589
www.calais.fr/spip.php?article3399;article;56606fcf1a6c7ee6028b4589
www.calais.fr/spip.php?article3698;article;56606fcf1a6c7ee6028b4589
www.calais.fr/spip.php?article7686;article;566074df1a6c7e0b038b459c
www.calais.fr/spip.php?article8764;article;566075061a6c7efd028b4599
www.calais.fr/spip.php?article2784;article;5660755e1a6c7e70038b456b
www.calais.fr/spip.php?article4827;article;56606fcf1a6c7ee6028b4589
www.calais.fr/spip.php?article7517;article;566552fa1a6c7e02028b456e
www.calais.fr/spip.php?article4826;article;56606fcf1a6c7ee6028b4589
www.calais.fr/spip.php?article2604;article;566074fd1a6c7e0d038b458f
www.calais.fr/spip.php?article2779;article;5660755e1a6c7e70038b456b
www.calais.fr/spip.php?article1961;article;566072101a6c7efd028b4585
www.calais.fr/spip.php?article3927;article;566072ee1a6c7e45028b46a1
www.calais.fr/spip.php?article2594;article;56606fcf1a6c7ee6028b4589
www.calais.fr/spip.php?article8356;article;566074d61a6c7e6a038b4570
www.calais.fr/spip.php?article5723;article;56606fcf1a6c7ee6028b4589
www.calais.fr/spip.php?article2783;article;5660755e1a6c7e70038b456b
www.calais.fr/spip.php?article4318;article;566071841a6c7e0b038b4578
www.calais.fr/spip.php?article6824;article;566070221a6c7ef4028b457e
www.calais.fr/spip.php?article6946;article;56606fcf1a6c7ee6028b4589
www.calais.fr/spip.php?article4496;article;566075951a6c7e2f018b465d
www.calais.fr/spip.php?article3422;article;5660755e1a6c7e70038b456b
www.calais.fr/spip.php?article6148;article;5660755e1a6c7e70038b456b
www.calais.fr/spip.php?article5597;article;566071bf1a6c7e00038b4626
www.calais.fr/spip.php?article8933;event;566070431a6c7efc028b457e
www.calais.fr/spip.php?article6667;article;566074c31a6c7e67038b4572
www.calais.fr/spip.php?article5595;article;566075851a6c7e72038b4567
www.calais.fr/spip.php?article844;article;5660755e1a6c7e70038b456b
www.calais.fr/spip.php?article5592;article;566075851a6c7e72038b4567
www.calais.fr/spip.php?article8847;article;56606fc51a6c7efc028b457b
www.calais.fr/spip.php?article1700;article;56654c0d1a6c7ea3008b45ad
www.calais.fr/spip.php?article8184;article;566073261a6c7e67038b456b
www.calais.fr/spip.php?article4943;article;566072101a6c7efd028b4585
www.calais.fr/spip.php?article2200;article;566074fd1a6c7e0d038b458f
www.calais.fr/spip.php?article7510;article;566071951a6c7ef4028b458f
www.calais.fr/spip.php?article5532;article;566075951a6c7e2f018b465d
www.calais.fr/spip.php?article5594;article;566075851a6c7e72038b4567
www.calais.fr/spip.php?article4740;article;566072ee1a6c7e45028b46a1
www.calais.fr/spip.php?article4793;article;566072ee1a6c7e45028b46a1
www.calais.fr/spip.php?article3504;article;56606fcf1a6c7ee6028b4589
www.calais.fr/spip.php?article4783;article;566072ee1a6c7e45028b46a1
www.calais.fr/spip.php?article2782;article;5660755e1a6c7e70038b456b
www.calais.fr/spip.php?article8386;article;566074d61a6c7e6a038b4570
www.calais.fr/spip.php?article7703;article;566075101a6c7e6b038b4572
www.calais.fr/spip.php?article3936;article;566072ee1a6c7e45028b46a1
www.calais.fr/spip.php?article5888;article;56606fcf1a6c7ee6028b4589
www.calais.fr/spip.php?article6117;article;566074df1a6c7e0b038b459c
www.calais.fr/spip.php?article7891;article;566075101a6c7e6b038b4572
www.calais.fr/spip.php?article4309;article;56606fcf1a6c7ee6028b4589
www.calais.fr/spip.php?article2780;article;5660755e1a6c7e70038b456b
www.calais.fr/spip.php?article3973;article;566072ee1a6c7e45028b46a1
www.calais.fr/spip.php?article3526;article;566075951a6c7e2f018b465d
www.calais.fr/spip.php?article4745;article;566070221a6c7ef4028b457e
www.calais.fr/spip.php?article4374;article;566072ee1a6c7e45028b46a1
www.calais.fr/spip.php?article1375;article;56606fcf1a6c7ee6028b4589
www.calais.fr/spip.php?article8454;event;
www.calais.fr/spip.php?article8947;event;
www.calais.fr/spip.php?article6574;article;566071841a6c7e0b038b4578
www.calais.fr/spip.php?article4953;article;566074df1a6c7e0b038b459c
www.calais.fr/spip.php?article8810;article;566552fa1a6c7e02028b456e
www.calais.fr/spip.php?article6086;article;56606fbc1a6c7edb028b4596
www.calais.fr/spip.php?article2785;article;5660755e1a6c7e70038b456b
www.calais.fr/spip.php?article5801;article;566071ab1a6c7e0d038b4571
www.calais.fr/spip.php?article8452;article;566070391a6c7efd028b4571
www.calais.fr/spip.php?article8992;event;
www.calais.fr/spip.php?article6498;article;566074c31a6c7e67038b4572
www.calais.fr/spip.php?article9037;event;
www.calais.fr/spip.php?article8469;article;566070391a6c7efd028b4571
www.calais.fr/spip.php?article6690;article;56606fcf1a6c7ee6028b4589
www.calais.fr/spip.php?article8970;article;56606fcf1a6c7ee6028b4589
www.calais.fr/spip.php?article8416;article;56654bba1a6c7ea5008b456f
www.calais.fr/spip.php?article8417;article;56654bba1a6c7ea5008b456f
www.calais.fr/spip.php?article8766;article;56606fcf1a6c7ee6028b4589
www.calais.fr/spip.php?article2736;article;566058eb1a6c7e5d028b4582
www.calais.fr/spip.php?article9025;event;
www.calais.fr/spip.php?article3664;article;5660755e1a6c7e70038b456b
www.calais.fr/spip.php?article6682;article;5660755e1a6c7e70038b456b
www.calais.fr/spip.php?article8418;article;56654bba1a6c7ea5008b456f
www.calais.fr/spip.php?article3292;article;
www.calais.fr/spip.php?article7163;article;566071f01a6c7e0b038b457d
www.calais.fr/spip.php?article8453;article;566070391a6c7efd028b4571
www.calais.fr/spip.php?article8450;article;566070391a6c7efd028b4571
www.calais.fr/spip.php?article6147;article;56606fbc1a6c7edb028b4596
www.calais.fr/spip.php?article7223;article;566071f01a6c7e0b038b457d
www.calais.fr/spip.php?article8910;event;
www.calais.fr/spip.php?article8419;article;56654bba1a6c7ea5008b456f
www.calais.fr/spip.php?article8936;event;
www.calais.fr/spip.php?article8373;article;566074c31a6c7e67038b4572
www.calais.fr/spip.php?article6548;article;566074df1a6c7e0b038b459c
www.calais.fr/spip.php?article7519;article;566552fa1a6c7e02028b456e
www.calais.fr/spip.php?article8180;article;566075101a6c7e6b038b4572
www.calais.fr/spip.php?article8211;article;
www.calais.fr/spip.php?article7880;article;56606fcf1a6c7ee6028b4589
www.calais.fr/spip.php?article6156;article;566070141a6c7e45028b4683
www.calais.fr/spip.php?article7511;article;566075851a6c7e72038b4567
www.calais.fr/spip.php?article8237;article;566075101a6c7e6b038b4572
www.calais.fr/spip.php?article4828;article;56606fcf1a6c7ee6028b4589
www.calais.fr/spip.php?article4020;article;566074df1a6c7e0b038b459c
www.calais.fr/spip.php?article7445;article;56606fcf1a6c7ee6028b4589
www.calais.fr/spip.php?article8504;article;566070391a6c7efd028b4571
www.calais.fr/spip.php?article8432;article;56654bba1a6c7ea5008b456f
www.calais.fr/spip.php?article8778;article;566074c31a6c7e67038b4572
www.calais.fr/spip.php?article8633;article;566075401a6c7e0b038b459f
www.calais.fr/spip.php?article7518;article;566552fa1a6c7e02028b456e
www.calais.fr/spip.php?article8503;article;566070391a6c7efd028b4571
www.calais.fr/spip.php?article8201;article;5660704c1a6c7ee6028b458c
www.calais.fr/spip.php?article5582;article;
www.calais.fr/spip.php?article8455;article;566070391a6c7efd028b4571
www.calais.fr/spip.php?article8911;event;
www.calais.fr/spip.php?article2788;article;5660755e1a6c7e70038b456b
www.calais.fr/spip.php?article4954;article;566074df1a6c7e0b038b459c
www.calais.fr/spip.php?article9040;event;
www.calais.fr/spip.php?article8430;article;56654bba1a6c7ea5008b456f
www.calais.fr/spip.php?article8459;article;566070391a6c7efd028b4571
www.calais.fr/spip.php?article8630;article;566075401a6c7e0b038b459f
www.calais.fr/spip.php?article8241;article;566075101a6c7e6b038b4572
www.calais.fr/spip.php?article7603;article;566075951a6c7e2f018b465d
www.calais.fr/spip.php?article7096;article;566074df1a6c7e0b038b459c
www.calais.fr/spip.php?article7529;article;566072101a6c7efd028b4585
www.calais.fr/spip.php?article8072;article;56606fcf1a6c7ee6028b4589
www.calais.fr/spip.php?article8688;article;566074c31a6c7e67038b4572
www.calais.fr/spip.php?article8227;article;566074c31a6c7e67038b4572
www.calais.fr/spip.php?article8448;article;56654bba1a6c7ea5008b456f
www.calais.fr/spip.php?article8236;article;566074c31a6c7e67038b4572
www.calais.fr/spip.php?article8476;article;566070391a6c7efd028b4571
www.calais.fr/spip.php?article8477;article;566070391a6c7efd028b4571
www.calais.fr/spip.php?article6822;article;566074c31a6c7e67038b4572
www.calais.fr/spip.php?article8319;article;566075061a6c7efd028b4599
www.calais.fr/spip.php?article8334;article;56606fcf1a6c7ee6028b4589
www.calais.fr/spip.php?article9207;event;566070431a6c7efc028b457e
www.calais.fr/spip.php?article7349;article;5660752d1a6c7e6b038b4575
www.calais.fr/spip.php?article8474;article;566070391a6c7efd028b4571
www.calais.fr/spip.php?article8275;article;566074c31a6c7e67038b4572
www.calais.fr/spip.php?article8421;article;56654bba1a6c7ea5008b456f
www.calais.fr/spip.php?article8457;article;566070391a6c7efd028b4571
www.calais.fr/spip.php?article7702;article;566071bf1a6c7e00038b4626
www.calais.fr/spip.php?article8462;article;566070391a6c7efd028b4571
www.calais.fr/spip.php?article8465;article;566070391a6c7efd028b4571
www.calais.fr/spip.php?article8701;article;566074c31a6c7e67038b4572
www.calais.fr/spip.php?article9177;article;566070141a6c7e45028b4683
www.calais.fr/spip.php?article8438;article;56654bba1a6c7ea5008b456f
www.calais.fr/spip.php?article8424;article;56654bba1a6c7ea5008b456f
www.calais.fr/spip.php?article8428;article;56654bba1a6c7ea5008b456f
www.calais.fr/spip.php?article8458;article;566070391a6c7efd028b4571
www.calais.fr/spip.php?article8502;article;566070391a6c7efd028b4571
www.calais.fr/spip.php?article8966;event;
www.calais.fr/spip.php?article8426;article;56654bba1a6c7ea5008b456f
www.calais.fr/spip.php?article8478;article;566070391a6c7efd028b4571
www.calais.fr/spip.php?article6645;article;566072ee1a6c7e45028b46a1
www.calais.fr/spip.php?article8461;article;566070391a6c7efd028b4571
www.calais.fr/spip.php?article7508;article;566075851a6c7e72038b4567
www.calais.fr/spip.php?article9032;event;
www.calais.fr/spip.php?article9029;event;
www.calais.fr/spip.php?article8929;event;
www.calais.fr/spip.php?article8480;article;566070391a6c7efd028b4571
www.calais.fr/spip.php?article9028;event;
www.calais.fr/spip.php?article8267;article;566072ee1a6c7e45028b46a1
www.calais.fr/spip.php?article8086;article;566073261a6c7e67038b456b
www.calais.fr/spip.php?article8473;article;566070391a6c7efd028b4571
www.calais.fr/spip.php?article9036;event;
www.calais.fr/spip.php?article8425;article;56654bba1a6c7ea5008b456f
www.calais.fr/spip.php?article8499;article;566070391a6c7efd028b4571
www.calais.fr/spip.php?article8828;article;566074c31a6c7e67038b4572
www.calais.fr/spip.php?article8475;article;566070391a6c7efd028b4571
www.calais.fr/spip.php?article8941;article;566074c31a6c7e67038b4572
www.calais.fr/spip.php?article8189;article;566073261a6c7e67038b456b
www.calais.fr/spip.php?article8958;article;566074c31a6c7e67038b4572
www.calais.fr/spip.php?article8811;article;566075061a6c7efd028b4599
www.calais.fr/spip.php?article8787;article;566075061a6c7efd028b4599
www.calais.fr/spip.php?article8471;article;566070391a6c7efd028b4571
www.calais.fr/spip.php?article8420;article;56654bba1a6c7ea5008b456f
www.calais.fr/spip.php?article8445;article;56654bba1a6c7ea5008b456f
www.calais.fr/spip.php?article8634;article;566074c31a6c7e67038b4572
www.calais.fr/spip.php?article8464;article;566070391a6c7efd028b4571
www.calais.fr/spip.php?article8446;article;56654bba1a6c7ea5008b456f
www.calais.fr/spip.php?article8533;article;56654d961a6c7eb2008b456d
www.calais.fr/spip.php?article8723;article;566075951a6c7e2f018b465d
www.calais.fr/spip.php?article9043;event;
www.calais.fr/spip.php?article9094;event;
www.calais.fr/spip.php?article8434;article;56654bba1a6c7ea5008b456f
www.calais.fr/spip.php?article8468;article;566070391a6c7efd028b4571
www.calais.fr/spip.php?article8632;article;5660755e1a6c7e70038b456b
www.calais.fr/spip.php?article8472;article;566070391a6c7efd028b4571
www.calais.fr/spip.php?article8466;article;566070391a6c7efd028b4571
www.calais.fr/spip.php?article8024;article;566074fd1a6c7e0d038b458f
www.calais.fr/spip.php?article9035;event;
www.calais.fr/spip.php?article8226;article;566074c31a6c7e67038b4572
www.calais.fr/spip.php?article9074;event;
www.calais.fr/spip.php?article8074;article;56606fcf1a6c7ee6028b4589
www.calais.fr/spip.php?article8431;article;56654bba1a6c7ea5008b456f
www.calais.fr/spip.php?article8423;article;56654bba1a6c7ea5008b456f
www.calais.fr/spip.php?article8467;article;566070391a6c7efd028b4571
www.calais.fr/spip.php?article7707;article;566071ab1a6c7e0d038b4571
www.calais.fr/spip.php?article9062;event;
www.calais.fr/spip.php?article8714;article;56606fcf1a6c7ee6028b4589
www.calais.fr/spip.php?article8020;article;56606fcf1a6c7ee6028b4589
www.calais.fr/spip.php?article8437;article;56654bba1a6c7ea5008b456f
www.calais.fr/spip.php?article8463;article;566070391a6c7efd028b4571
www.calais.fr/spip.php?article8595;article;566074df1a6c7e0b038b459c
www.calais.fr/spip.php?article8315;article;56606fcf1a6c7ee6028b4589
www.calais.fr/spip.php?article9003;article;566074df1a6c7e0b038b459c
www.calais.fr/spip.php?article8870;article;5660752d1a6c7e6b038b4575
www.calais.fr/spip.php?article8470;article;566070391a6c7efd028b4571
www.calais.fr/spip.php?article9042;event;
www.calais.fr/spip.php?article7512;article;566075851a6c7e72038b4567
www.calais.fr/spip.php?article8389;article;
www.calais.fr/spip.php?article9122;event;
www.calais.fr/spip.php?article6116;article;566074df1a6c7e0b038b459c
www.calais.fr/spip.php?article7513;article;566075851a6c7e72038b4567
www.calais.fr/spip.php?article8920;event;
www.calais.fr/spip.php?article7609;article;5660755e1a6c7e70038b456b
www.calais.fr/spip.php?article9045;event;
www.calais.fr/spip.php?article9002;event;566070141a6c7e45028b4683
www.calais.fr/spip.php?article7164;article;5660755e1a6c7e70038b456b
www.calais.fr/spip.php?article8825;article;566071841a6c7e0b038b4578
www.calais.fr/spip.php?article8456;article;566070391a6c7efd028b4571
www.calais.fr/spip.php?article8244;article;56606fcf1a6c7ee6028b4589
www.calais.fr/spip.php?article8905;article;56606fcf1a6c7ee6028b4589
www.calais.fr/spip.php?article8915;event;
www.calais.fr/spip.php?article8435;article;56654bba1a6c7ea5008b456f
www.calais.fr/spip.php?article8491;article;566070391a6c7efd028b4571
www.calais.fr/spip.php?article9038;event;
www.calais.fr/spip.php?article8823;article;566071841a6c7e0b038b4578
www.calais.fr/spip.php?article9060;event;
www.calais.fr/spip.php?article8436;article;56654bba1a6c7ea5008b456f
www.calais.fr/spip.php?article8479;article;566070391a6c7efd028b4571
www.calais.fr/spip.php?article8808;article;566074a31a6c7e2f018b4652
www.calais.fr/spip.php?article8391;article;5660755e1a6c7e70038b456b
www.calais.fr/spip.php?article7366;article;566072ee1a6c7e45028b46a1
www.calais.fr/spip.php?article8497;article;566070391a6c7efd028b4571
www.calais.fr/spip.php?article8802;article;566074d61a6c7e6a038b4570
www.calais.fr/spip.php?article9071;event;
www.calais.fr/spip.php?article8075;article;
www.calais.fr/spip.php?article8235;article;566072ee1a6c7e45028b46a1
www.calais.fr/spip.php?article8422;article;56654bba1a6c7ea5008b456f
www.calais.fr/spip.php?article8938;event;
www.calais.fr/spip.php?article8505;article;566070391a6c7efd028b4571
www.calais.fr/spip.php?article8671;article;566074c31a6c7e67038b4572
www.calais.fr/spip.php?article8233;article;56606fcf1a6c7ee6028b4589
www.calais.fr/spip.php?article8429;article;56654bba1a6c7ea5008b456f
www.calais.fr/spip.php?article8492;article;566070391a6c7efd028b4571
www.calais.fr/spip.php?article8509;article;56654bba1a6c7ea5008b456f
www.calais.fr/spip.php?article8489;article;566070391a6c7efd028b4571
www.calais.fr/spip.php?article8151;article;566075061a6c7efd028b4599
www.calais.fr/spip.php?article9121;event;
www.calais.fr/spip.php?article1336;article;566075851a6c7e72038b4567
www.calais.fr/spip.php?article8427;article;56654bba1a6c7ea5008b456f
www.calais.fr/spip.php?article8837;article;56606fbc1a6c7edb028b4596
www.calais.fr/spip.php?article8768;article;566074fd1a6c7e0d038b458f
www.calais.fr/spip.php?article8498;article;566070391a6c7efd028b4571
www.calais.fr/spip.php?article8799;article;56606fcf1a6c7ee6028b4589
www.calais.fr/spip.php?article8836;article;56606fbc1a6c7edb028b4596
www.calais.fr/spip.php?article9119;event;
www.calais.fr/spip.php?article9049;event;
www.calais.fr/spip.php?article9055;event;
www.calais.fr/spip.php?article8777;article;566074df1a6c7e0b038b459c
www.calais.fr/spip.php?article8809;article;566074a31a6c7e2f018b4652
www.calais.fr/spip.php?article9070;event;
www.calais.fr/spip.php?article8433;article;56654bba1a6c7ea5008b456f
www.calais.fr/spip.php?article8833;article;56606fc51a6c7efc028b457b
www.calais.fr/spip.php?article8971;article;56606fcf1a6c7ee6028b4589
www.calais.fr/spip.php?article8796;article;5660755e1a6c7e70038b456b
www.calais.fr/spip.php?article8791;article;56606fcf1a6c7ee6028b4589
www.calais.fr/spip.php?article8925;event;566070141a6c7e45028b4683
www.calais.fr/spip.php?article8968;event;
www.calais.fr/spip.php?article9001;event;
www.calais.fr/spip.php?article8628;article;56606fcf1a6c7ee6028b4589
www.calais.fr/spip.php?article9021;event;566070141a6c7e45028b4683
www.calais.fr/spip.php?article8835;article;56606fbc1a6c7edb028b4596
www.calais.fr/spip.php?article8923;event;
www.calais.fr/spip.php?article8223;article;566074fd1a6c7e0d038b458f
www.calais.fr/spip.php?article9047;event;
www.calais.fr/spip.php?article8724;article;566075951a6c7e2f018b465d
www.calais.fr/spip.php?article8975;event;
www.calais.fr/spip.php?article7097;article;566074df1a6c7e0b038b459c
www.calais.fr/spip.php?article9063;event;
www.calais.fr/spip.php?article8404;article;56606fcf1a6c7ee6028b4589
www.calais.fr/spip.php?article8924;event;
www.calais.fr/spip.php?article8439;article;56654bba1a6c7ea5008b456f
www.calais.fr/spip.php?article9064;event;
www.calais.fr/spip.php?article8612;article;56606fcf1a6c7ee6028b4589
www.calais.fr/spip.php?article9009;event;566070141a6c7e45028b4683
www.calais.fr/spip.php?article9054;event;
www.calais.fr/spip.php?article9057;event;
www.calais.fr/spip.php?article9068;event;
www.calais.fr/spip.php?article8717;article;56606fcf1a6c7ee6028b4589
www.calais.fr/spip.php?article8490;article;566070391a6c7efd028b4571
www.calais.fr/spip.php?article8822;article;5660752d1a6c7e6b038b4575
www.calais.fr/spip.php?article8821;article;5660752d1a6c7e6b038b4575
www.calais.fr/spip.php?article9015;event;
www.calais.fr/spip.php?article9080;event;
www.calais.fr/spip.php?article8984;event;
www.calais.fr/spip.php?article9058;event;
www.calais.fr/spip.php?article8819;article;5660752d1a6c7e6b038b4575
www.calais.fr/spip.php?article8495;article;566070391a6c7efd028b4571
www.calais.fr/spip.php?article8982;event;
www.calais.fr/spip.php?article9010;event;
www.calais.fr/spip.php?article8316;article;56606fcf1a6c7ee6028b4589
www.calais.fr/spip.php?article8447;article;56654bba1a6c7ea5008b456f
www.calais.fr/spip.php?article8834;article;5660755e1a6c7e70038b456b
www.calais.fr/spip.php?article8981;event;
www.calais.fr/spip.php?article9051;event;
www.calais.fr/spip.php?article8972;article;56606fcf1a6c7ee6028b4589
www.calais.fr/spip.php?article9048;event;
www.calais.fr/spip.php?article9059;event;
www.calais.fr/spip.php?article8517;article;56606fcf1a6c7ee6028b4589
www.calais.fr/spip.php?article8631;article;566075851a6c7e72038b4567
www.calais.fr/spip.php?article8904;article;
www.calais.fr/spip.php?article9079;event;
www.calais.fr/spip.php?article9132;event;
www.calais.fr/spip.php?article9014;event;
www.calais.fr/spip.php?article8997;event;
www.calais.fr/spip.php?article8978;event;
www.calais.fr/spip.php?article8079;event;
www.calais.fr/spip.php?article8988;event;
www.calais.fr/spip.php?article9186;article;56606fcf1a6c7ee6028b4589
www.calais.fr/spip.php?article9046;event;
www.calais.fr/spip.php?article8999;event;
www.calais.fr/spip.php?article9008;event;
www.calais.fr/spip.php?article8820;article;5660752d1a6c7e6b038b4575
www.calais.fr/spip.php?article9023;event;
www.calais.fr/spip.php?article9020;event;
www.calais.fr/spip.php?article9099;event;
www.calais.fr/spip.php?article8494;article;566070391a6c7efd028b4571
www.calais.fr/spip.php?article9030;article;56606fcf1a6c7ee6028b4589
www.calais.fr/spip.php?article9124;event;
www.calais.fr/spip.php?article8980;event;
www.calais.fr/spip.php?article8996;event;
www.calais.fr/spip.php?article9076;event;
www.calais.fr/spip.php?article9100;article;5660752d1a6c7e6b038b4575
www.calais.fr/spip.php?article8818;article;5660752d1a6c7e6b038b4575
www.calais.fr/spip.php?article7608;article;
www.calais.fr/spip.php?article8998;event;
www.calais.fr/spip.php?article9013;event;
www.calais.fr/spip.php?article9011;event;
www.calais.fr/spip.php?article9018;event;
www.calais.fr/spip.php?article9019;event;
www.calais.fr/spip.php?article9007;event;
www.calais.fr/spip.php?article8775;article;566075951a6c7e2f018b465d
www.calais.fr/spip.php?article9024;event;
www.calais.fr/spip.php?article9098;event;
www.calais.fr/spip.php?article9133;event;
www.calais.fr/spip.php?article9142;article;566070141a6c7e45028b4683
www.calais.fr/spip.php?article8795;article;566074df1a6c7e0b038b459c
www.calais.fr/spip.php?article8983;event;
www.calais.fr/spip.php?article8989;event;
www.calais.fr/spip.php?article8500;article;566070391a6c7efd028b4571
www.calais.fr/spip.php?article8990;event;
www.calais.fr/spip.php?article9050;event;
www.calais.fr/spip.php?article9172;event;
www.calais.fr/spip.php?article9012;event;
www.calais.fr/spip.php?article9180;event;
www.calais.fr/spip.php?article9103;article;5660752d1a6c7e6b038b4575
www.calais.fr/spip.php?article9179;event;
www.calais.fr/spip.php?article9005;event;
www.calais.fr/spip.php?article9175;event;
www.calais.fr/spip.php?article8501;article;566070391a6c7efd028b4571
www.calais.fr/spip.php?article8987;event;
www.calais.fr/spip.php?article9006;event;
www.calais.fr/spip.php?article9138;event;
www.calais.fr/spip.php?article9159;event;
www.calais.fr/spip.php?article9167;event;
www.calais.fr/spip.php?article9171;event;
www.calais.fr/spip.php?article9017;event;
www.calais.fr/spip.php?article9176;event;
www.calais.fr/spip.php?article8979;event;
www.calais.fr/spip.php?article9118;article;56654d321a6c7ea8008b4579
www.calais.fr/spip.php?article9128;event;
www.calais.fr/spip.php?article9131;event;
www.calais.fr/spip.php?article9136;event;
www.calais.fr/spip.php?article9160;event;
www.calais.fr/spip.php?article9163;event;
www.calais.fr/spip.php?article9170;event;
www.calais.fr/spip.php?article9183;event;
www.calais.fr/spip.php?article9206;event;
www.calais.fr/spip.php?article9165;event;
www.calais.fr/spip.php?article9203;event;
www.calais.fr/spip.php?article9117;article;56654d191a6c7ea8008b4576
www.calais.fr/spip.php?article8444;article;56654bba1a6c7ea5008b456f
www.calais.fr/spip.php?article9102;article;5660704c1a6c7ee6028b458c
www.calais.fr/spip.php?article9147;event;
www.calais.fr/spip.php?article9154;event;
www.calais.fr/spip.php?article9174;event;
www.calais.fr/spip.php?article9039;article;566071bf1a6c7e00038b4626
www.calais.fr/spip.php?article9120;article;5660752d1a6c7e6b038b4575
www.calais.fr/spip.php?article9000;event;
www.calais.fr/spip.php?article9164;event;
www.calais.fr/spip.php?article9166;event;
www.calais.fr/spip.php?article9168;event;
www.calais.fr/spip.php?article9169;event;
www.calais.fr/spip.php?article9182;event;
www.calais.fr/spip.php?article9153;event;
www.calais.fr/spip.php?article9173;event;
www.calais.fr/spip.php?article9148;event;
www.calais.fr/spip.php?article9152;event;
www.calais.fr/spip.php?article9178;event;
www.calais.fr/spip.php?article9184;event;
www.calais.fr/spip.php?article9187;article;56606fcf1a6c7ee6028b4589
www.calais.fr/spip.php?article9137;event;
www.calais.fr/spip.php?article9158;event;
www.calais.fr/spip.php?article9181;event;
www.calais.fr/spip.php?article9195;event;
www.calais.fr/spip.php?article9205;event;
www.calais.fr/spip.php?article9022;event;
www.calais.fr/spip.php?article9125;event;
www.calais.fr/spip.php?article9192;event;
www.calais.fr/spip.php?article9149;event;
www.calais.fr/spip.php?article9155;event;
www.calais.fr/spip.php?article9194;event;
www.calais.fr/spip.php?article9004;event;
www.calais.fr/spip.php?article9204;event;
www.calais.fr/spip.php?article9188;event;
www.calais.fr/spip.php?article9135;article;5660752d1a6c7e6b038b4575
www.calais.fr/spip.php?article9141;article;5660752d1a6c7e6b038b4575
www.calais.fr/spip.php?article9202;event;
www.calais.fr/spip.php?article9185;event;
www.calais.fr/spip.php?article9129;event;
www.calais.fr/spip.php?article9145;event;
www.calais.fr/spip.php?article9146;event;
www.calais.fr/spip.php?article9162;event;
www.calais.fr/spip.php?article9139;event;
www.calais.fr/spip.php?article9161;event;
www.calais.fr/spip.php?article9208;article;5660752d1a6c7e6b038b4575
www.calais.fr/spip.php?article9126;event;
www.calais.fr/spip.php?article9130;event;
www.calais.fr/spip.php?article9191;event;
www.calais.fr/spip.php?article9151;event;
www.calais.fr/spip.php?article9150;event;
www.calais.fr/spip.php?article9156;event;
www.calais.fr/spip.php?article9157;event;
www.calais.fr/spip.php?article8986;event;
www.calais.fr/spip.php?article8985;event;
www.calais.fr/spip.php?article9211;event;
www.calais.fr/spip.php?article9210;event;